{
    "kernel": "rbf",
    "C": 39.12276558293765,
    "gamma": 0.006207902431713822
}